Id,SalePrice
0.0,0.13471656994109144
0.000685871056241405,0.19538950893237217
0.00137174211248281,0.23544937954605458
0.002057613168724215,0.2357171731491148
0.00274348422496562,0.22813592847648498
0.003429355281207025,0.19978528071068868
0.004115226337448652,0.20312280561380805
0.004801097393690057,0.17648120591692854
0.005486968449931462,0.20455038480576357
0.006172839506172867,0.12860721201351477
0.006858710562414272,0.19221694187948085
0.007544581618655677,0.090771352328835
0.008230452674897082,0.09243954158392617
0.008916323731138487,0.16801922454349844
0.009602194787379892,0.1623808546269837
0.010288065843621297,0.4786630715916689
0.010973936899862924,0.31728570963869174
0.011659807956104329,0.3016925198311419
0.012345679012345734,0.3544683008059634
0.013031550068587139,0.5366291568252888
0.013717421124828544,0.43547102359426837
0.014403292181069949,0.21209480981816584
0.015089163237311354,0.2140504186634291
0.01577503429355276,0.16007681113468294
0.016460905349794164,0.2086844070997116
0.01714677640603557,0.22491826222190772
0.017832647462276974,0.42001360385612707
0.0185185185185186,0.23556270595355308
0.019204389574760006,0.24461176085820976
0.01989026063100141,0.3166159710016896
0.020576131687242816,0.22339536543241365
0.02126200274348422,0.09332105467410974
0.021947873799725626,0.20222698198150946
0.02263374485596703,0.28208037842375155
0.023319615912208436,0.3452640494724257
0.02400548696844984,0.2885441226250126
0.024691358024691246,0.18895719783616235
0.025377229080932873,0.1839072176414267
0.026063100137174278,0.17314558243056266
0.026748971193415683,0.1678579222450801
0.027434842249657088,0.20140160789820083
0.028120713305898493,0.15730868586767394
0.028806584362139898,0.2040389918724368
0.029492455418381303,0.2802414577999196
0.030178326474622708,0.29618373233246453
0.030864197530864113,0.24348884317131483
0.03155006858710552,0.33705500239565706
0.032235939643347145,0.26027232806340794
0.03292181069958855,0.19322795878619584
0.033607681755829955,0.1605628017151093
0.03429355281207136,0.18080597475333587
0.034979423868312765,0.1980650481491633
0.03566529492455417,0.16219664037603596
0.036351165980795574,0.1873704886516181
0.03703703703703698,0.2172809915030213
0.037722908093278384,0.1950127473458223
0.03840877914951979,0.19477670190290952
0.039094650205761416,0.12018931978465706
0.03978052126200282,0.2798641066157773
0.040466392318244226,0.13917050256227748
0.04115226337448563,0.15469340756454425
0.041838134430727036,0.19958097065996766
0.04252400548696844,0.1149824123551379
0.043209876543209846,0.13208840096327568
0.04389574759945125,0.125208433822909
0.044581618655692656,0.11895597649567047
0.04526748971193406,0.08895272985368856
0.045953360768175466,0.14835586359057515
0.04663923182441709,0.16555549402080286
0.0473251028806585,0.2065827668835396
0.0480109739368999,0.14100656443579337
0.04869684499314131,0.0916786072569418
0.04938271604938271,0.16902077596827159
0.05006858710562412,0.1228231181235889
0.05075445816186552,0.17341806581751393
0.05144032921810693,0.10285155764260012
0.05212620027434833,0.058590340370149346
0.05281207133058974,0.16698018354148572
0.053497942386831365,0.19204104386545234
0.05418381344307277,0.1488467436326394
0.054869684499314175,0.14625887183522834
0.05555555555555558,0.18073543895667868
0.056241426611796985,0.1958823291006035
0.05692729766803839,0.09292493981959568
0.057613168724279795,0.12989462682139633
0.0582990397805212,0.12805817191915625
0.058984910836762605,0.1492719170873589
0.05967078189300401,0.14067563787687554
0.06035665294924564,0.10886757495732552
0.06104252400548704,0.13927795305558904
0.06172839506172845,0.10610937974473987
0.06241426611796985,0.14196839210566636
0.06310013717421126,0.1455323469361826
0.06378600823045266,0.10605691505239442
0.06447187928669407,0.21851726965123675
0.06515775034293547,0.12969602195707652
0.06584362139917688,0.1612169857275659
0.06652949245541828,0.10958631585683451
0.06721536351165969,0.15970532632656434
0.06790123456790131,0.16138481059168175
0.06858710562414272,0.17859727786816668
0.06927297668038412,0.13720817157570298
0.06995884773662553,0.12012291340007591
0.07064471879286693,0.17368663954730068
0.07133058984910834,0.18551776418857824
0.07201646090534974,0.29639443841970325
0.07270233196159115,0.06806279585667643
0.07338820301783255,0.3088533864676271
0.07407407407407396,0.18286679344827833
0.07475994513031559,0.15444183469716738
0.07544581618655699,0.12452512866301012
0.0761316872427984,0.16551900661237343
0.0768175582990398,0.23977363424756776
0.0775034293552812,0.12449802912909436
0.07818930041152261,0.24050706843165492
0.07887517146776402,0.30150399007558054
0.07956104252400542,0.203894432341113
0.08024691358024683,0.16154431675521924
0.08093278463648823,0.18875167410844634
0.08161865569272986,0.23081067097899408
0.08230452674897126,0.18385001564290465
0.08299039780521267,0.13047157300315793
0.08367626886145407,0.3805889960101938
0.08436213991769548,0.25697804646415545
0.08504801097393688,0.13702630449584502
0.08573388203017829,0.15194608450559327
0.08641975308641969,0.1600541961496782
0.0871056241426611,0.1869078393785875
0.0877914951989025,0.09596086178624855
0.08847736625514391,0.14210111624658153
0.08916323731138553,0.11751087186541198
0.08984910836762694,0.1239092095580406
0.09053497942386834,0.11769436304766787
0.09122085048010975,0.2009956404372659
0.09190672153635115,0.11491818354224997
0.09259259259259256,0.2817926774287385
0.09327846364883396,0.21283757506403608
0.09396433470507537,0.2515083205770251
0.09465020576131677,0.17179466659658493
0.09533607681755818,0.17066255447640444
0.0960219478737998,0.14338779335587953
0.09670781893004121,0.1544152161580566
0.09739368998628262,0.18147382217389818
0.09807956104252402,0.3363217698783899
0.09876543209876543,0.2727085529997448
0.09945130315500683,0.18199519004729253
0.10013717421124824,0.18827431720221607
0.10082304526748964,0.23951544604007888
0.10150891632373105,0.1980009032220198
0.10219478737997245,0.1782502266858721
0.10288065843621408,0.16479385237780078
0.10356652949245548,0.19971435400792395
0.10425240054869689,0.1774618123829146
0.1049382716049383,0.1484234641664793
0.1056241426611797,0.08891437714147157
0.1063100137174211,0.08594148668665774
0.10699588477366251,0.08086048704475703
0.10768175582990391,0.15140142202209114
0.10836762688614532,0.18511190111894432
0.10905349794238672,0.19196773040229811
0.10973936899862835,0.15631266516513564
0.11042524005486976,0.16472130758126896
0.11111111111111116,0.2754486547512308
0.11179698216735257,0.2523578882709628
0.11248285322359397,0.12310721608259649
0.11316872427983538,0.194943832448392
0.11385459533607678,0.22653605998552637
0.11454046639231819,0.37184275714461656
0.11522633744855959,0.19913279632212194
0.115912208504801,0.4291947736588362
0.1165980795610424,0.27523833523704144
0.11728395061728403,0.2965862730851587
0.11796982167352543,0.1760365712290045
0.11865569272976684,0.20949060017883872
0.11934156378600824,0.1961762975524811
0.12002743484224965,0.1646636002068755
0.12071330589849105,0.23304030234155593
0.12139917695473246,0.24663909373704884
0.12208504801097386,0.22369773441021013
0.12277091906721527,0.3226096843756625
0.12345679012345667,0.22456644391507563
0.1241426611796983,0.29461449946393203
0.1248285322359397,0.26590485363221084
0.1255144032921811,0.2937208590694633
0.12620027434842251,0.23924494675450303
0.12688614540466392,0.18331664764635933
0.12757201646090532,0.17387777205833713
0.12825788751714673,0.12830138222496562
0.12894375857338813,0.13819579954352829
0.12962962962962954,0.10278950131271555
0.13031550068587094,0.11608604110381848
0.13100137174211257,0.0874505764471179
0.13168724279835398,0.10185054918197414
0.13237311385459538,0.1674380232632217
0.1330589849108368,0.1749645565129739
0.1337448559670782,0.1653674219140445
0.1344307270233196,0.1659426348758119
0.135116598079561,0.1646296862548628
0.1358024691358024,0.16024491909561908
0.1364883401920438,0.16409807545838126
0.13717421124828522,0.4774187099653121
0.13786008230452662,0.4790598881319905
0.13854595336076825,0.47909514952610066
0.13923182441700965,0.20732866967238708
0.13991769547325106,0.3608617569080473
0.14060356652949246,0.34499147077007963
0.14128943758573387,0.33201712427048036
0.14197530864197527,0.25385643545748376
0.14266117969821668,0.3301794047884415
0.14334705075445808,0.4245051109266321
0.1440329218106995,0.34494663305407536
0.1447187928669409,0.5080718421819197
0.14540466392318252,0.3715458895451622
0.14609053497942392,0.27182391100917624
0.14677640603566533,0.211131271589491
0.14746227709190673,0.23453856905940215
0.14814814814814814,0.25428147025566483
0.14883401920438954,0.5308944152344023
0.14951989026063095,0.5042738650906294
0.15020576131687235,0.41313251948642804
0.15089163237311376,0.26442991372360347
0.15157750342935516,0.4331318595365118
0.1522633744855968,0.2016156185772007
0.1529492455418382,0.19091938781554735
0.1536351165980796,0.18422901492471677
0.154320987654321,0.1649870621237239
0.1550068587105624,0.178559067414144
0.15569272976680382,0.21984202529688693
0.15637860082304522,0.22610022977696337
0.15706447187928663,0.22367172373997737
0.15775034293552803,0.1972033404825547
0.15843621399176944,0.3224808515575681
0.15912208504801106,0.1913873241899901
0.15980795610425247,0.20446308813936495
0.16049382716049387,0.17843278598322884
0.16117969821673528,0.28612109494638943
0.16186556927297668,0.17985969460537593
0.1625514403292181,0.44926929666729526
0.1632373113854595,0.3231648905819382
0.1639231824417009,0.3096235070622023
0.1646090534979423,0.3386980305335483
0.1652949245541837,0.29344156085406636
0.1659807956104251,0.2654303401407392
0.16666666666666674,0.36217109654474566
0.16735253772290815,0.2846131513626309
0.16803840877914955,0.29082720050204924
0.16872427983539096,0.2899182646365915
0.16941015089163236,0.25296579467544156
0.17009602194787377,0.32519854771967593
0.17078189300411517,0.27239103860258806
0.17146776406035658,0.31856039143150905
0.17215363511659798,0.3012788342961511
0.17283950617283939,0.36237773174757815
0.173525377229081,0.28459870437574464
0.17421124828532242,0.24803781145203158
0.17489711934156382,0.1910572850969117
0.17558299039780523,0.1768446284790046
0.17626886145404663,0.1297556602432191
0.17695473251028804,0.2572709472209025
0.17764060356652944,0.2614485250302636
0.17832647462277085,0.16288039210232738
0.17901234567901225,0.147262575960508
0.17969821673525366,0.1754456031598401
0.18038408779149528,0.22081608019471907
0.1810699588477367,0.2973828204784703
0.1817558299039781,0.21755449596940313
0.1824417009602195,0.18573358741272278
0.1831275720164609,0.1920932974209335
0.1838134430727023,0.1856498360396927
0.18449931412894371,0.14238634947055678
0.18518518518518512,0.12969269818758586
0.18587105624142652,0.13438246885669333
0.18655692729766793,0.11531477353410946
0.18724279835390933,0.16897450925288832
0.18792866941015096,0.13800728704869425
0.18861454046639237,0.12271278071490327
0.18930041152263377,0.2644397164591936
0.18998628257887518,0.2885253129889669
0.19067215363511658,0.25586806997804884
0.191358024691358,0.2585506808928196
0.1920438957475994,0.1979725426483641
0.1927297668038408,0.1904941047212432
0.1934156378600822,0.1817340180791472
0.1941015089163236,0.29406129403294096
0.19478737997256523,0.2614418357176238
0.19547325102880664,0.20732098041146607
0.19615912208504804,0.2656964074262584
0.19684499314128945,0.278033959289818
0.19753086419753085,0.1754289314413504
0.19821673525377226,0.15353785892568106
0.19890260631001366,0.3188407470045175
0.19958847736625507,0.11244933872787831
0.20027434842249647,0.16952031001896084
0.20096021947873788,0.23923663771469236
0.2016460905349795,0.21144645786899138
0.2023319615912209,0.18823302094308378
0.20301783264746232,0.12262354327615035
0.20370370370370372,0.14578965853318288
0.20438957475994513,0.16326105124153942
0.20507544581618653,0.19468150704931558
0.20576131687242794,0.1783222102001025
0.20644718792866934,0.2083044148538814
0.20713305898491075,0.20341986004849452
0.20781893004115215,0.1231852632198901
0.20850480109739378,0.17904310164758275
0.20919067215363518,0.22207155101669696
0.2098765432098766,0.26467395891513945
0.210562414266118,0.1576027395274539
0.2112482853223594,0.172828266784195
0.2119341563786008,0.17362326478169862
0.2126200274348422,0.1514965719613172
0.2133058984910836,0.13352970043065587
0.21399176954732502,0.13963800770609877
0.21467764060356642,0.1470941786315555
0.21536351165980783,0.15587029880254136
0.21604938271604945,0.14487470189951146
0.21673525377229086,0.10735313931053156
0.21742112482853226,0.16349917086740878
0.21810699588477367,0.15859231754413003
0.21879286694101507,0.18216174432792898
0.21947873799725648,0.13347216330627168
0.22016460905349788,0.07393230966837766
0.2208504801097393,0.1454490346844524
0.2215363511659807,0.09485135687825424
0.2222222222222221,0.11686691261231924
0.22290809327846373,0.16498442069828317
0.22359396433470513,0.17170960082066222
0.22427983539094654,0.11895472540614443
0.22496570644718794,0.07725654655101194
0.22565157750342935,0.0757907267917228
0.22633744855967075,0.20898282438908475
0.22702331961591216,0.1748170922738921
0.22770919067215356,0.15561328168654223
0.22839506172839497,0.17052319536282273
0.22908093278463637,0.1417551110147923
0.229766803840878,0.1946399956606238
0.2304526748971194,0.12314090777460318
0.2311385459533608,0.14398201861847426
0.2318244170096022,0.1115941043449015
0.23251028806584362,0.15211312019525602
0.23319615912208502,0.13671393816972555
0.23388203017832643,0.1304891177351856
0.23456790123456783,0.1639231769855321
0.23525377229080924,0.14113971807001885
0.23593964334705064,0.1409509242811427
0.23662551440329205,0.12268204348526918
0.23731138545953367,0.14424063333701775
0.23799725651577508,0.13025547310413246
0.23868312757201648,0.09539280142962961
0.2393689986282579,0.14941867138072468
0.2400548696844993,0.18590423299585415
0.2407407407407407,0.08349356505223432
0.2414266117969821,0.12780073999671399
0.2421124828532235,0.1566712216347494
0.24279835390946491,0.07926014333598803
0.24348422496570632,0.12630470192339238
0.24417009602194795,0.09741885326156194
0.24485596707818935,0.1897917779740494
0.24554183813443076,0.13824555185216608
0.24622770919067216,0.07307687266859916
0.24691358024691357,0.16964089290169543
0.24759945130315497,0.16371627377343523
0.24828532235939638,0.13278290167534884
0.24897119341563778,0.131690859869887
0.2496570644718792,0.13490742521762117
0.2503429355281206,0.1302756312547132
0.2510288065843622,0.09658262835631501
0.2517146776406036,0.1581586039078594
0.25240054869684503,0.12953454091733005
0.25308641975308643,0.13973102486094363
0.25377229080932784,0.1464522704607415
0.25445816186556924,0.1994735095246722
0.25514403292181065,0.15567663666325265
0.25582990397805205,0.14878457033069833
0.25651577503429346,0.17981378289854516
0.25720164609053486,0.12802292145820682
0.25788751714677627,0.12962302220371424
0.2585733882030179,0.13513927094902428
0.2592592592592593,0.12497736495388218
0.2599451303155007,0.1925024076044093
0.2606310013717421,0.1563013482963217
0.2613168724279835,0.1795649869210589
0.2620027434842249,0.14591518339165271
0.2626886145404663,0.1606048118688803
0.26337448559670773,0.17927727626188716
0.26406035665294914,0.18218840940543735
0.26474622770919054,0.21194838363839372
0.26543209876543217,0.10102488271759524
0.2661179698216736,0.13569085436616252
0.266803840877915,0.12068941046821341
0.2674897119341564,0.17547518547125768
0.2681755829903978,0.14283660834737627
0.2688614540466392,0.12899549520637746
0.2695473251028806,0.18645058017439364
0.270233196159122,0.1945730997336933
0.2709190672153634,0.2763511142037702
0.2716049382716048,0.1879829097657369
0.27229080932784644,0.16077259931085722
0.27297668038408784,0.13936198555725193
0.27366255144032925,0.17916032702458748
0.27434842249657065,0.13869519259518637
0.27503429355281206,0.29059355118387087
0.27572016460905346,0.27313847010095504
0.27640603566529487,0.27320966486407017
0.2770919067215363,0.4749187658014825
0.2777777777777777,0.42974918238541693
0.2784636488340191,0.2459973522777318
0.2791495198902607,0.3888903402617171
0.2798353909465021,0.23259169729185733
0.2805212620027435,0.2579324202316243
0.2812071330589849,0.2991682801494536
0.28189300411522633,0.18970378189580617
0.28257887517146774,0.33128536813531306
0.28326474622770914,0.17067047963379384
0.28395061728395055,0.2567990413029114
0.28463648834019195,0.23839771577897897
0.28532235939643336,0.26911744564188
0.28600823045267476,0.21065215681394062
0.2866941015089164,0.16536795527489784
0.2873799725651578,0.13896285408672715
0.2880658436213992,0.3127081482772476
0.2887517146776406,0.31176918132393017
0.289437585733882,0.21378000155414642
0.2901234567901234,0.2312777383007966
0.2908093278463648,0.28121432467464413
0.2914951989026062,0.3574026471078026
0.29218106995884763,0.2512095688133271
0.29286694101508903,0.32203855684643035
0.29355281207133066,0.18413688189425406
0.29423868312757206,0.1291997229663029
0.29492455418381347,0.191309580614432
0.2956104252400549,0.11390330283536108
0.2962962962962963,0.1548366767319721
0.2969821673525377,0.13915238307925556
0.2976680384087791,0.14016600146535874
0.2983539094650205,0.12593625471111508
0.2990397805212619,0.15470622603132966
0.2997256515775033,0.1218658918818304
0.30041152263374493,0.20037011376107053
0.30109739368998634,0.19950026997825324
0.30178326474622774,0.22384932535359817
0.30246913580246915,0.2070988340817165
0.30315500685871055,0.2082437551293509
0.30384087791495196,0.19152735219039846
0.30452674897119336,0.23663492049896695
0.30521262002743477,0.19472338821117752
0.30589849108367617,0.24446403811256606
0.3065843621399176,0.15220691787720164
0.307270233196159,0.14932352987150002
0.3079561042524006,0.15106761484376552
0.308641975308642,0.25091441981306073
0.3093278463648834,0.3405666505335877
0.3100137174211248,0.183253767036133
0.31069958847736623,0.15546126189235582
0.31138545953360763,0.4568587390356884
0.31207133058984904,0.19007557947061204
0.31275720164609044,0.2722648912789938
0.31344307270233185,0.15607033752730243
0.31412894375857325,0.19454493965040423
0.3148148148148149,0.18084092890551648
0.3155006858710563,0.4521668675722649
0.3161865569272977,0.3893630169933548
0.3168724279835391,0.2648063884573638
0.3175582990397805,0.26364497579353047
0.3182441700960219,0.2229455538828656
0.3189300411522633,0.4808721760836554
0.3196159122085047,0.14881856421764766
0.3203017832647461,0.18010538510588564
0.3209876543209875,0.13662248939113353
0.32167352537722915,0.16840538060827495
0.32235939643347056,0.15412022978533715
0.32304526748971196,0.14564823917181483
0.32373113854595337,0.21226054101422792
0.3244170096021948,0.2076929740297048
0.3251028806584362,0.193668260376605
0.3257887517146776,0.23326697033041136
0.326474622770919,0.23473393910723214
0.3271604938271604,0.2055618227146307
0.3278463648834018,0.26721105262419514
0.3285322359396434,0.21504167715345532
0.32921810699588483,0.19235344867384688
0.32990397805212623,0.25008255788492834
0.33058984910836764,0.23143433675940644
0.33127572016460904,0.4342664392503771
0.33196159122085045,0.5156621363427204
0.33264746227709185,0.20690826265845985
0.33333333333333326,0.27532296725580346
0.33401920438957466,0.2297190063729816
0.33470507544581607,0.29454608110857944
0.3353909465020575,0.20843815929960263
0.3360768175582991,0.3127151197197704
0.3367626886145405,0.24351215389467437
0.3374485596707819,0.22131887868176406
0.3381344307270233,0.21210475439313836
0.3388203017832647,0.14645705884645885
0.3395061728395061,0.21110295850094424
0.34019204389574753,0.16960596537965508
0.34087791495198894,0.2975160943835147
0.34156378600823034,0.13837474011211212
0.34224965706447175,0.1162900533331162
0.3429355281207134,0.12875689488034642
0.3436213991769548,0.09283848200704979
0.3443072702331962,0.09663311079526757
0.3449931412894376,0.10017400236800338
0.345679012345679,0.17205632032411092
0.3463648834019204,0.1694245988305346
0.3470507544581618,0.39103107970783324
0.3477366255144032,0.5047059528269335
0.3484224965706446,0.5051893180766311
0.349108367626886,0.5554422397244503
0.34979423868312765,0.48871589143727023
0.35048010973936905,0.47374958683939183
0.35116598079561046,0.3366924621285767
0.35185185185185186,0.39848020960044916
0.35253772290809327,0.3787856727618933
0.35322359396433467,0.33853357842919585
0.3539094650205761,0.4502102096205394
0.3545953360768175,0.4639275150765063
0.3552812071330589,0.39307286964625265
0.3559670781893003,0.2614295590552978
0.3566529492455417,0.436451991731486
0.3573388203017833,0.24631863983640115
0.3580246913580247,0.228774392183801
0.35871056241426613,0.1597634721626983
0.35939643347050754,0.2754071704728165
0.36008230452674894,0.239606647917026
0.36076817558299035,0.18337316271769444
0.36145404663923175,0.1900821761779113
0.36213991769547316,0.21643362781342856
0.36282578875171456,0.25112234605125017
0.36351165980795597,0.25563052851441215
0.3641975308641976,0.26513098502212495
0.364883401920439,0.1711682789915415
0.3655692729766804,0.2553107303323999
0.3662551440329218,0.2111006568661396
0.3669410150891632,0.2718243278908769
0.3676268861454046,0.36099042114825786
0.368312757201646,0.39645310655304145
0.36899862825788743,0.35772821279815825
0.36968449931412883,0.39885011647477614
0.37037037037037024,0.23863675249648042
0.37105624142661187,0.30757080238910395
0.37174211248285327,0.33601765538331396
0.3724279835390947,0.34622569382718993
0.3731138545953361,0.2719321721072109
0.3737997256515775,0.2651654337021243
0.3744855967078189,0.2889073692201287
0.3751714677640603,0.22670535212342016
0.3758573388203017,0.2394470482114788
0.3765432098765431,0.20824628278323298
0.3772290809327845,0.15817429956755796
0.37791495198902614,0.17749301804726397
0.37860082304526754,0.19995137330350157
0.37928669410150895,0.20391867651608225
0.37997256515775035,0.2643302898861999
0.38065843621399176,0.21698637679211988
0.38134430727023316,0.20302423568390202
0.38203017832647457,0.16350756658375415
0.382716049382716,0.14404621071438098
0.3834019204389574,0.12009401409397602
0.3840877914951988,0.11595123592291443
0.3847736625514402,0.2306459675018273
0.3854595336076818,0.17004734201781427
0.3861454046639232,0.35543943961876767
0.3868312757201646,0.4671650810450052
0.38751714677640603,0.18936137490712562
0.38820301783264743,0.16375107077173634
0.38888888888888884,0.15722908132571528
0.38957475994513024,0.1800634035609346
0.39026063100137165,0.2879893730954862
0.39094650205761305,0.26027033208330097
0.39163237311385446,0.27531243902111785
0.3923182441700961,0.28638991162819505
0.3930041152263375,0.18080762272631848
0.3936899862825789,0.278324242663476
0.3943758573388203,0.20766681601954268
0.3950617283950617,0.20491802779606005
0.3957475994513031,0.26376060594292294
0.3964334705075445,0.2651259859680106
0.3971193415637859,0.24292767804477114
0.3978052126200273,0.27736320428938244
0.39849108367626873,0.24810966435355641
0.39917695473251036,0.21242587906157206
0.39986282578875176,0.19315569195534615
0.40054869684499317,0.234146075434518
0.4012345679012346,0.1709961915153154
0.401920438957476,0.16051197217759774
0.4026063100137174,0.1381084941742551
0.4032921810699588,0.14425226804795516
0.4039780521262002,0.21491519200934303
0.4046639231824416,0.10092099593271184
0.405349794238683,0.11603444715580484
0.4060356652949244,0.16449559297074817
0.40672153635116604,0.18112802189375135
0.40740740740740744,0.16755845141353082
0.40809327846364885,0.14833126417230252
0.40877914951989025,0.10561865026510997
0.40946502057613166,0.27279312044463844
0.41015089163237306,0.14002060018976642
0.41083676268861447,0.20797816170620373
0.41152263374485587,0.20321722384086768
0.4122085048010973,0.1491299374872503
0.4128943758573387,0.11355374255893866
0.4135802469135803,0.1446231445871915
0.4142661179698217,0.17098274425414897
0.4149519890260631,0.18651769075760294
0.4156378600823045,0.14702543421335268
0.4163237311385459,0.14689802397570945
0.41700960219478733,0.08026469730268077
0.41769547325102874,0.09261592341481052
0.41838134430727014,0.1172791696071227
0.41906721536351155,0.1395793629964721
0.41975308641975295,0.15296132626249762
0.4204389574759946,0.1927409325610237
0.421124828532236,0.15505608492292602
0.4218106995884774,0.1115801141854315
0.4224965706447188,0.19036554301559364
0.4231824417009602,0.14614969247505588
0.4238683127572016,0.13082998539970614
0.424554183813443,0.118487484175165
0.4252400548696844,0.13765715499688863
0.4259259259259258,0.1573971788152627
0.4266117969821672,0.15378915517654856
0.42729766803840863,0.10629631583181548
0.42798353909465026,0.13968743516328452
0.42866941015089166,0.10961240752981102
0.42935528120713307,0.12516966823026748
0.43004115226337447,0.07525346016718945
0.4307270233196159,0.05824013957185187
0.4314128943758573,0.13835673902534418
0.4320987654320987,0.15701686645608665
0.4327846364883401,0.1333654188084931
0.4334705075445815,0.1372999872159511
0.4341563786008229,0.11857081158005967
0.43484224965706453,0.21293140848365663
0.43552812071330593,0.13777731261691714
0.43621399176954734,0.09440885776212761
0.43689986282578874,0.16393619631170117
0.43758573388203015,0.023758178561870763
0.43827160493827155,0.12305490785815479
0.43895747599451296,0.15304651182841675
0.43964334705075436,0.12286875588511627
0.44032921810699577,0.07720826780758346
0.4410150891632372,0.17560229958817883
0.4417009602194788,0.11273296041989625
0.4423868312757202,0.16953165439589912
0.4430727023319616,0.2102931690899359
0.443758573388203,0.11149938208673385
0.4444444444444444,0.10319432488021385
0.4451303155006858,0.13791932574687243
0.44581618655692723,0.155683395162375
0.44650205761316863,0.14877939007583435
0.44718792866941004,0.1212667940816814
0.44787379972565144,0.179473690904957
0.44855967078189307,0.1755461158509991
0.4492455418381345,0.13354363746079695
0.4499314128943759,0.15037105112636212
0.4506172839506173,0.11698276389234966
0.4513031550068587,0.11750529220218899
0.4519890260631001,0.12616897920582015
0.4526748971193415,0.20100636440925793
0.4533607681755829,0.12359774592431237
0.4540466392318243,0.11979052127456782
0.4547325102880657,0.16919429361880486
0.4554183813443071,0.16032401516567268
0.45610425240054875,0.17184985379121268
0.45679012345679015,0.17406810421821386
0.45747599451303156,0.14826840743708425
0.45816186556927296,0.1989694824615696
0.45884773662551437,0.15164390032343983
0.4595336076817558,0.1641860347266033
0.4602194787379972,0.11375581550000739
0.4609053497942386,0.12178583587176098
0.46159122085048,0.16372708952109277
0.4622770919067214,0.19861685434958615
0.462962962962963,0.1960927569966805
0.4636488340192044,0.10693543420296714
0.46433470507544583,0.15101950993683488
0.46502057613168724,0.16817104661893886
0.46570644718792864,0.16583873943760602
0.46639231824417005,0.16527523617150758
0.46707818930041145,0.1328270505830753
0.46776406035665286,0.17444161603451847
0.46844993141289426,0.1840376622802266
0.46913580246913567,0.1493901714802554
0.4698216735253773,0.22985288020181016
0.4705075445816187,0.20266052891101138
0.4711934156378601,0.1281495888315328
0.4718792866941015,0.16998787265492526
0.4725651577503429,0.3046121315122662
0.4732510288065843,0.11267836275712685
0.4739368998628257,0.20752927194123877
0.4746227709190671,0.19855791324626126
0.47530864197530853,0.11193842937535337
0.47599451303154994,0.1526389371098334
0.47668038408779134,0.29231640727653635
0.47736625514403297,0.278188967065914
0.4780521262002744,0.3062778340197485
0.4787379972565158,0.2252149499268177
0.4794238683127572,0.20003670189320955
0.4801097393689986,0.2805077833646392
0.48079561042524,0.40503044247636466
0.4814814814814814,0.41153849546250243
0.4821673525377228,0.27912271005816014
0.4828532235939642,0.24987235291886742
0.4835390946502056,0.17612290480266715
0.48422496570644724,0.2670031325295844
0.48491083676268865,0.25822142899243195
0.48559670781893005,0.22733705267765295
0.48628257887517146,0.2597432617361034
0.48696844993141286,0.1637096308772567
0.48765432098765427,0.13841915337310784
0.48834019204389567,0.19111508276408345
0.4890260631001371,0.2791313647920852
0.4897119341563785,0.3689526939412699
0.4903978052126199,0.4229755301843463
0.4910836762688615,0.306078096665816
0.4917695473251029,0.24383103117897728
0.4924554183813443,0.14105985968609092
0.49314128943758573,0.2270601471574587
0.49382716049382713,0.21337222407697884
0.49451303155006854,0.26088430400168916
0.49519890260630994,0.20561141244530448
0.49588477366255135,0.13034211592965456
0.49657064471879275,0.14959870343105622
0.49725651577503416,0.14585941922085707
0.4979423868312758,0.1800005037708359
0.4986282578875172,0.174290027293357
0.4993141289437586,0.2160434849973599
0.5,0.16227130458448752
0.5006858710562414,0.13504793503653464
0.5013717421124828,0.1679673558577207
0.5020576131687242,0.12585574866329757
0.5027434842249656,0.12224106262992254
0.503429355281207,0.1492213312742433
0.5041152263374484,0.13256627142321223
0.5048010973936898,0.12145674202896363
0.5054869684499315,0.14825350578707264
0.5061728395061729,0.18913110344547687
0.5068587105624143,0.18790948996502893
0.5075445816186557,0.16837815692865565
0.5082304526748971,0.2165808143430313
0.5089163237311385,0.1914040923339367
0.5096021947873799,0.21517818678530481
0.5102880658436213,0.1475008645232402
0.5109739368998627,0.1583913446439976
0.5116598079561041,0.27364865823127693
0.5123456790123457,0.3054685151236143
0.5130315500685871,0.315469569569501
0.5137174211248285,0.15677863970695366
0.51440329218107,0.15310282761479838
0.5150891632373114,0.1290035233136011
0.5157750342935528,0.10846456872444216
0.5164609053497942,0.17008444126994895
0.5171467764060356,0.10558164917372395
0.517832647462277,0.1711498160470951
0.5185185185185184,0.20102199294850975
0.51920438957476,0.1483782482681269
0.5198902606310014,0.18426136166921453
0.5205761316872428,0.18397493542941978
0.5212620027434842,0.4604297330511662
0.5219478737997256,0.3474780780422768
0.522633744855967,0.35014232662717876
0.5233196159122084,0.23745383582832819
0.5240054869684498,0.13887004527374186
0.5246913580246912,0.23194257616225006
0.5253772290809327,0.20090052050935672
0.5260631001371741,0.35570578703184486
0.5267489711934157,0.3013155713478304
0.5274348422496571,0.17265984732586198
0.5281207133058985,0.24978792595511262
0.5288065843621399,0.2115013112071625
0.5294924554183813,0.22325284022947495
0.5301783264746227,0.2905893257871715
0.5308641975308641,0.2890358254548995
0.5315500685871055,0.33132996876481136
0.5322359396433469,0.38585647393238226
0.5329218106995883,0.22335761140434807
0.53360768175583,0.12481901365702305
0.5342935528120714,0.17025151484880272
0.5349794238683128,0.19453778226971308
0.5356652949245542,0.11108816330617048
0.5363511659807956,0.1138933892261627
0.537037037037037,0.08938705361229407
0.5377229080932784,0.13151257299342115
0.5384087791495198,0.17580497567380762
0.5390946502057612,0.10634361124122041
0.5397805212620026,0.1204763123965513
0.5404663923182442,0.12184014094326437
0.5411522633744856,0.14075659654871803
0.541838134430727,0.20522544129686782
0.5425240054869684,0.21960093774937361
0.5432098765432098,0.17857924139173673
0.5438957475994513,0.20327959209903468
0.5445816186556927,0.21104618262470515
0.5452674897119341,0.19355581154289808
0.5459533607681755,0.24935248736050805
0.5466392318244169,0.17607933011654162
0.5473251028806585,0.20638084477023588
0.5480109739368999,0.19946144029730367
0.5486968449931413,0.2130148130032486
0.5493827160493827,0.2654190210479057
0.5500685871056241,0.45327813521520655
0.5507544581618655,0.26790771397579893
0.5514403292181069,0.21415934682347063
0.5521262002743483,0.3935755002951903
0.5528120713305897,0.4379137144279367
0.5534979423868311,0.20553920647403
0.5541838134430725,0.1743534020426561
0.5548696844993142,0.23461510307858505
0.5555555555555556,0.28226452270786706
0.556241426611797,0.2271092948229137
0.5569272976680384,0.19071939110774175
0.5576131687242798,0.23426596765343713
0.5582990397805212,0.2119598953193777
0.5589849108367626,0.22328394150276087
0.559670781893004,0.22791628992727966
0.5603566529492454,0.149748966124216
0.5610425240054868,0.17599370167584322
0.5617283950617284,0.1395236682215546
0.5624142661179699,0.17542793060709666
0.5631001371742113,0.21028255697336545
0.5637860082304527,0.09526305307686381
0.5644718792866941,0.10431509916969611
0.5651577503429355,0.16948860570085594
0.5658436213991769,0.11916287787737401
0.5665294924554183,0.48981237084458196
0.5672153635116597,0.3496505659109266
0.5679012345679011,0.5013012769098143
0.5685871056241427,0.5923588591901285
0.5692729766803841,0.42366038914739174
0.5699588477366255,0.5415563273270337
0.5706447187928669,0.6338522358778164
0.5713305898491083,0.4892696371624917
0.5720164609053497,0.5306454108791477
0.5727023319615911,0.34621830520059793
0.5733882030178326,0.4708058318185472
0.574074074074074,0.4128453046839858
0.5747599451303154,0.4451334784482746
0.5754458161865568,0.4149277584162574
0.5761316872427984,0.37674629132963994
0.5768175582990398,0.31933908187115034
0.5775034293552812,0.28142880917669555
0.5781893004115226,0.3038481600698213
0.578875171467764,0.2157250990489064
0.5795610425240054,0.21226882517994292
0.5802469135802468,0.20652327049391037
0.5809327846364882,0.252386991360865
0.5816186556927296,0.34142771685847784
0.582304526748971,0.2288847943087777
0.5829903978052127,0.20116302923809365
0.5836762688614541,0.20515109878176926
0.5843621399176955,0.1816253704261513
0.5850480109739369,0.2104090426890972
0.5857338820301783,0.18406935082307388
0.5864197530864197,0.20628232268953117
0.5871056241426611,0.24109114315870855
0.5877914951989025,0.19839088027314453
0.5884773662551439,0.19513930292308912
0.5891632373113853,0.18882838067276891
0.5898491083676269,0.2834489208583697
0.5905349794238683,0.1697493964715658
0.5912208504801097,0.24229830659231927
0.5919067215363512,0.19872049458914484
0.5925925925925926,0.22864592664692296
0.593278463648834,0.1867878301543802
0.5939643347050754,0.23575794786845433
0.5946502057613168,0.2605764646312862
0.5953360768175582,0.22609463763930052
0.5960219478737996,0.20521014268246504
0.596707818930041,0.4735221329364431
0.5973936899862826,0.5106587160003692
0.598079561042524,0.3995830341072975
0.5987654320987654,0.3344759910720152
0.5994513031550068,0.3493731289887238
0.6001371742112482,0.4326928882139023
0.6008230452674896,0.23068209663455624
0.601508916323731,0.32050971702344777
0.6021947873799725,0.21461141199619677
0.6028806584362139,0.46602727274686395
0.6035665294924553,0.2403478391349129
0.6042524005486969,0.29518430245108207
0.6049382716049383,0.2666173223607854
0.6056241426611797,0.23948484198943756
0.6063100137174211,0.2824746638856288
0.6069958847736625,0.2570600448020289
0.6076817558299039,0.2567900473620173
0.6083676268861453,0.2760247175185666
0.6090534979423867,0.2028854891623029
0.6097393689986281,0.329103034896688
0.6104252400548695,0.29947834428607933
0.6111111111111112,0.28321299616414064
0.6117969821673526,0.30349837360642673
0.612482853223594,0.1439179446301358
0.6131687242798354,0.14035344604729008
0.6138545953360768,0.16295965298084478
0.6145404663923182,0.2066574669171415
0.6152263374485596,0.24311177592115377
0.615912208504801,0.13245858547980788
0.6165980795610424,0.11273367568742862
0.6172839506172838,0.15631060102855648
0.6179698216735254,0.32233875142799007
0.6186556927297668,0.15049319928244947
0.6193415637860082,0.17960097357434832
0.6200274348422496,0.23817770847695965
0.620713305898491,0.21107682369799657
0.6213991769547325,0.23380990404971114
0.6220850480109739,0.2426530398021238
0.6227709190672153,0.226150685868147
0.6234567901234567,0.18188991126095483
0.6241426611796981,0.18282741922797757
0.6248285322359395,0.20642896767717805
0.6255144032921811,0.3143290801440364
0.6262002743484225,0.3376712812034592
0.6268861454046639,0.28180196521516065
0.6275720164609053,0.29809283357401073
0.6282578875171467,0.34842095581529997
0.6289437585733881,0.22884535244898138
0.6296296296296295,0.24576126338435075
0.6303155006858709,0.1889451864496428
0.6310013717421123,0.2122519329202258
0.6316872427983538,0.23946547208756563
0.6323731138545954,0.2438667032017033
0.6330589849108368,0.3204181817006282
0.6337448559670782,0.18771221364898263
0.6344307270233196,0.1498004666849545
0.635116598079561,0.1433634962643163
0.6358024691358024,0.11637593234273445
0.6364883401920438,0.1104319738498255
0.6371742112482852,0.23207891316203016
0.6378600823045266,0.14161648645549943
0.638545953360768,0.11508161398234286
0.6392318244170097,0.22315834811439533
0.6399176954732511,0.1504654755466455
0.6406035665294925,0.25974327585335394
0.6412894375857339,0.15646558499723373
0.6419753086419753,0.2810253764298899
0.6426611796982167,0.15072044989498662
0.6433470507544581,0.1291253780984822
0.6440329218106995,0.10060374618152211
0.6447187928669409,0.17847384805750865
0.6454046639231823,0.13190862111550916
0.6460905349794237,0.12315264955327665
0.6467764060356653,0.15681093071971142
0.6474622770919067,0.17785502699597738
0.6481481481481481,0.19395419197185496
0.6488340192043895,0.12844949319494517
0.649519890260631,0.1461182797496384
0.6502057613168724,0.11353429574507579
0.6508916323731138,0.1944928750852999
0.6515775034293552,0.11070070780089666
0.6522633744855966,0.17983202638207443
0.652949245541838,0.1464148684576769
0.6536351165980796,0.16800885092274126
0.654320987654321,0.12832410689152846
0.6550068587105624,0.11832898852216073
0.6556927297668038,0.13765739605976957
0.6563786008230452,0.13786405187461132
0.6570644718792866,0.1410708432773442
0.657750342935528,0.12940909484403448
0.6584362139917694,0.1747369265229998
0.6591220850480108,0.13078287068821454
0.6598079561042522,0.11274192829559515
0.6604938271604939,0.16551969673925326
0.6611796982167353,0.2481183605999101
0.6618655692729767,0.16452227954998944
0.6625514403292181,0.12876322630975318
0.6632373113854595,0.20844423000523393
0.6639231824417009,0.10739761574890364
0.6646090534979423,0.14285846153805143
0.6652949245541837,0.12475545031978291
0.6659807956104251,0.18220320561043024
0.6666666666666665,0.16665611869280209
0.6673525377229081,0.16037249074390564
0.6680384087791496,0.19086950745851008
0.668724279835391,0.11025030269740754
0.6694101508916324,0.1294782782991853
0.6700960219478738,0.12695620732855675
0.6707818930041152,0.09145662287520646
0.6714677640603566,0.11255280835292097
0.672153635116598,0.09510981831998727
0.6728395061728394,0.08125354173558079
0.6735253772290808,0.10940305912885896
0.6742112482853222,0.15882655551222188
0.6748971193415638,0.1372883092420315
0.6755829903978052,0.15145440498304386
0.6762688614540466,0.1971654608642251
0.676954732510288,0.17710512984330423
0.6776406035665294,0.09813880601931907
0.6783264746227708,0.1662833162832391
0.6790123456790123,0.1509683045435769
0.6796982167352537,0.1929655615790184
0.6803840877914951,0.08810131694413567
0.6810699588477365,0.15763498266862142
0.6817558299039781,0.15157114889158893
0.6824417009602195,0.20122293657409984
0.6831275720164609,0.2211656727234672
0.6838134430727023,0.136965996606013
0.6844993141289437,0.10785197302810393
0.6851851851851851,0.12906934464429345
0.6858710562414265,0.13594294781153132
0.6865569272976679,0.13528145403646707
0.6872427983539093,0.11909324917358899
0.6879286694101507,0.21408655314217956
0.6886145404663924,0.1498948896999737
0.6893004115226338,0.17887795894196468
0.6899862825788752,0.11930001664351561
0.6906721536351166,0.15050702947457048
0.691358024691358,0.1444947987859595
0.6920438957475994,0.22816889441077937
0.6927297668038408,0.22819706953582947
0.6934156378600822,0.17134389108862483
0.6941015089163236,0.1262986293159973
0.694787379972565,0.12493112503883397
0.6954732510288064,0.2501449918692987
0.696159122085048,0.10827951640124
0.6968449931412894,0.13799095396879582
0.6975308641975309,0.17798102042907382
0.6982167352537723,0.12609308152670393
0.6989026063100137,0.181879694738172
0.6995884773662551,0.14729877743871336
0.7002743484224965,0.20937998736310728
0.7009602194787379,0.12128924481050049
0.7016460905349793,0.12083943695318346
0.7023319615912207,0.13159672525251082
0.7030178326474623,0.22923405412724066
0.7037037037037037,0.21232661936405284
0.7043895747599451,0.17088974231453236
0.7050754458161865,0.17152057680200475
0.7057613168724279,0.17685157661261508
0.7064471879286693,0.12337591039359658
0.7071330589849107,0.22775497446588805
0.7078189300411522,0.1755908408157481
0.7085048010973936,0.1821148521708698
0.709190672153635,0.11069557323544459
0.7098765432098766,0.2587073232301745
0.710562414266118,0.17310307919306447
0.7112482853223594,0.13480869867220466
0.7119341563786008,0.10642962073266024
0.7126200274348422,0.17263860400081935
0.7133058984910836,0.14854194629105014
0.713991769547325,0.17581383373216025
0.7146776406035664,0.16168214869253822
0.7153635116598078,0.20386232007588376
0.7160493827160492,0.2543929541454223
0.7167352537722909,0.3142901345782948
0.7174211248285323,0.33672042907480726
0.7181069958847737,0.3258156213102354
0.7187928669410151,0.2438319918196911
0.7194787379972565,0.22617338264829737
0.7201646090534979,0.18988644860915513
0.7208504801097393,0.24536696428710067
0.7215363511659807,0.2517352650982574
0.7222222222222221,0.20407893942336608
0.7229080932784635,0.19511343829324312
0.7235939643347049,0.19526986068313792
0.7242798353909465,0.16889748037513017
0.7249657064471879,0.19626991770796848
0.7256515775034293,0.3025413241093141
0.7263374485596708,0.2749748417186809
0.7270233196159122,0.21035848902613688
0.7277091906721536,0.26106375041283914
0.728395061728395,0.13920185928773027
0.7290809327846364,0.13880698497595456
0.7297668038408778,0.1606621592360495
0.7304526748971192,0.15956021413539417
0.7311385459533608,0.15188276558021638
0.7318244170096022,0.22107272948311013
0.7325102880658436,0.17873522394648678
0.733196159122085,0.12014264795980616
0.7338820301783264,0.32868050372191304
0.7345679012345678,0.2629392933855541
0.7352537722908092,0.20640082071000157
0.7359396433470506,0.26427013557133383
0.736625514403292,0.3744764717952395
0.7373113854595335,0.27716084157535237
0.7379972565157751,0.3133540843811875
0.7386831275720165,0.1992064304554022
0.7393689986282579,0.20313011760078958
0.7400548696844993,0.1921257320922757
0.7407407407407407,0.18929528018768735
0.7414266117969821,0.1792863199826128
0.7421124828532235,0.15567091431323377
0.7427983539094649,0.1333779684651575
0.7434842249657063,0.14141631238378483
0.7441700960219477,0.1267959415235606
0.7448559670781891,0.13569176143016265
0.7455418381344308,0.1738001949085341
0.7462277091906722,0.1718314883239117
0.7469135802469136,0.20273733815675174
0.747599451303155,0.13843499378814922
0.7482853223593964,0.14246024246996547
0.7489711934156378,0.1115411015656583
0.7496570644718792,0.10619096811392265
0.7503429355281206,0.13049357964080258
0.751028806584362,0.10268958651859861
0.7517146776406034,0.1409975804207013
0.752400548696845,0.19502983887496061
0.7530864197530864,0.18699601562839605
0.7537722908093278,0.18317530169140536
0.7544581618655692,0.18341946344291624
0.7551440329218106,0.22019283908012882
0.755829903978052,0.17620403600161152
0.7565157750342935,0.2024399510533362
0.7572016460905349,0.17085215422474273
0.7578875171467763,0.2290471573139271
0.7585733882030177,0.1410923186711308
0.7592592592592593,0.2444256540161773
0.7599451303155007,0.24625208956131
0.7606310013717421,0.1602874325722241
0.7613168724279835,0.25956816240738434
0.7620027434842249,0.1665778150935026
0.7626886145404663,0.2791226455870176
0.7633744855967077,0.22781232522100425
0.7640603566529491,0.14238457205618657
0.7647462277091905,0.1920143971752758
0.765432098765432,0.18708215315044496
0.7661179698216734,0.09919938885710072
0.766803840877915,0.14866157425622864
0.7674897119341564,0.13259761478640758
0.7681755829903978,0.13535325489783914
0.7688614540466392,0.1612741873607802
0.7695473251028806,0.38185584041865317
0.770233196159122,0.19460928742307104
0.7709190672153634,0.2082792951816387
0.7716049382716048,0.26201712769427876
0.7722908093278462,0.24971442379049177
0.7729766803840876,0.1872353042307272
0.7736625514403292,0.16048655926418748
0.7743484224965707,0.22588117081517514
0.7750342935528121,0.2724562492708088
0.7757201646090535,0.24179091538351605
0.7764060356652949,0.32391168648969126
0.7770919067215363,0.18918018668288208
0.7777777777777777,0.20552938130377255
0.7784636488340191,0.35447561483639656
0.7791495198902605,0.20885569984024707
0.7798353909465019,0.3644364653774286
0.7805212620027435,0.2071600963918788
0.7812071330589849,0.20090371112452873
0.7818930041152263,0.21081512309517023
0.7825788751714677,0.07282112104230501
0.7832647462277091,0.08137941916434388
0.7839506172839505,0.09166843642016606
0.784636488340192,0.07734944594343933
0.7853223593964334,0.1725061925006805
0.7860082304526748,0.2440654062091592
0.7866941015089162,0.22201452596399665
0.7873799725651578,0.17702785769097065
0.7880658436213992,0.11249911671814182
0.7887517146776406,0.2027443573878985
0.789437585733882,0.20486782750174698
0.7901234567901234,0.143455221760855
0.7908093278463648,0.13999737808816232
0.7914951989026062,0.18076524477880565
0.7921810699588476,0.1528296977691716
0.792866941015089,0.23329407691016296
0.7935528120713304,0.2694857742615647
0.7942386831275718,0.2527559928924802
0.7949245541838135,0.206774344344756
0.7956104252400549,0.2249030995015636
0.7962962962962963,0.212613906708808
0.7969821673525377,0.29059100519826647
0.7976680384087791,0.36645976423273685
0.7983539094650205,0.3624706686602574
0.7990397805212619,0.19117723560181168
0.7997256515775033,0.17876191748605472
0.8004115226337447,0.5909791705529723
0.8010973936899861,0.5203245723230623
0.8017832647462277,0.46448019469019886
0.8024691358024691,0.6008951659712559
0.8031550068587106,0.49163226502804347
0.803840877914952,0.4249317740861859
0.8045267489711934,0.5034003934308132
0.8052126200274348,0.23619978566422598
0.8058984910836762,0.2273687131576805
0.8065843621399176,0.20045770068889723
0.807270233196159,0.32425036929355333
0.8079561042524004,0.21160669445271557
0.808641975308642,0.17005171768355806
0.8093278463648834,0.0998694701383617
0.8100137174211248,0.21105616967599805
0.8106995884773662,0.09842790032312203
0.8113854595336076,0.12974014166916278
0.812071330589849,0.09538554641800882
0.8127572016460904,0.07951784372633597
0.8134430727023318,0.09446518218540056
0.8141289437585733,0.16056438345448365
0.8148148148148147,0.16783764161822312
0.8155006858710561,0.1725868676356309
0.8161865569272977,0.16783117957283653
0.8168724279835391,0.47491173557024513
0.8175582990397805,0.27766239804677806
0.8182441700960219,0.3236461062006306
0.8189300411522633,0.4880520478897059
0.8196159122085047,0.392095471790566
0.8203017832647461,0.4318602613853564
0.8209876543209875,0.37017145310687605
0.8216735253772289,0.4067562897314446
0.8223593964334703,0.46364505179383453
0.823045267489712,0.5038148912448277
0.8237311385459534,0.4594744408313546
0.8244170096021948,0.3782091677070626
0.8251028806584362,0.3275414906542332
0.8257887517146776,0.3680107346160156
0.826474622770919,0.33616555951686466
0.8271604938271604,0.18691735689460162
0.8278463648834018,0.19770127290179076
0.8285322359396432,0.20793792642735054
0.8292181069958846,0.3237283902467225
0.8299039780521262,0.1948956615856345
0.8305898491083676,0.1965448094443186
0.831275720164609,0.2311866641817729
0.8319615912208504,0.22309385837340687
0.8326474622770919,0.18385915102765968
0.8333333333333333,0.2045215393797762
0.8340192043895747,0.23673625507617813
0.8347050754458161,0.2593590067967886
0.8353909465020575,0.3342883822262347
0.8360768175582989,0.37060734864420275
0.8367626886145405,0.5144666534138814
0.8374485596707819,0.4183375477375565
0.8381344307270233,0.41617260932936917
0.8388203017832647,0.382467712249395
0.8395061728395061,0.2956484601189548
0.8401920438957475,0.30341682908264234
0.8408779149519889,0.3847994849255226
0.8415637860082303,0.23469633672443163
0.8422496570644717,0.23981590371033346
0.8429355281207132,0.49275182782930205
0.8436213991769546,0.22941130980693353
0.8443072702331962,0.13045866786768184
0.8449931412894376,0.22426586319126937
0.845679012345679,0.16027405658130436
0.8463648834019204,0.2036955834715082
0.8470507544581618,0.19469346867881507
0.8477366255144032,0.20915010338979617
0.8484224965706446,0.18908018710444593
0.849108367626886,0.202031956095439
0.8497942386831274,0.1580789616185411
0.8504801097393688,0.15171491506940707
0.8511659807956105,0.1178303591118774
0.8518518518518519,0.1502973316625585
0.8525377229080933,0.142254488610272
0.8532235939643347,0.19743052293759958
0.8539094650205761,0.13146449249294098
0.8545953360768175,0.12398552161404311
0.8552812071330589,0.16264835976210734
0.8559670781893003,0.09375505858473321
0.8566529492455417,0.13139775024364908
0.8573388203017831,0.20365551531356135
0.8580246913580247,0.3936293221091969
0.8587105624142661,0.1785814539690236
0.8593964334705075,0.15790497378569826
0.8600823045267489,0.18721956947844784
0.8607681755829903,0.1577998949098684
0.8614540466392318,0.22377684833813144
0.8621399176954732,0.24880793676959254
0.8628257887517146,0.19010289656332224
0.863511659807956,0.19580086200807018
0.8641975308641974,0.14622924849131858
0.8648834019204388,0.18797482910821042
0.8655692729766804,0.15351728509651288
0.8662551440329218,0.1319201866250716
0.8669410150891632,0.1383339388769756
0.8676268861454046,0.1781037485944969
0.868312757201646,0.20418069956920357
0.8689986282578874,0.199055274492299
0.8696844993141288,0.15371362566582125
0.8703703703703702,0.16063381712021124
0.8710562414266116,0.13928319370469655
0.871742112482853,0.14952087364936914
0.8724279835390947,0.16811383332487145
0.8731138545953361,0.16279247440183095
0.8737997256515775,0.13771810994959266
0.8744855967078189,0.14632252950590807
0.8751714677640603,0.11853636846627016
0.8758573388203017,0.12386787780031727
0.8765432098765431,0.18922243079325327
0.8772290809327845,0.13976549747705305
0.8779149519890259,0.1741501451045162
0.8786008230452673,0.15846190577398583
0.879286694101509,0.18122471528984768
0.8799725651577504,0.18105702196870935
0.8806584362139918,0.14839067802911526
0.8813443072702332,0.1614563180369853
0.8820301783264746,0.12335306565884543
0.882716049382716,0.1216989067292332
0.8834019204389574,0.13467170826914196
0.8840877914951988,0.15635649995244438
0.8847736625514402,0.1646206054349072
0.8854595336076816,0.21810141009474074
0.8861454046639232,0.19648240463594582
0.8868312757201646,0.2600487377307937
0.887517146776406,0.129645087808375
0.8882030178326474,0.0868740902099029
0.8888888888888888,0.16197636964657772
0.8895747599451302,0.08149160765613589
0.8902606310013716,0.1640613386563921
0.890946502057613,0.13705750133712002
0.8916323731138545,0.15314941060408419
0.8923182441700959,0.15644458028031732
0.8930041152263373,0.23509464078217904
0.8936899862825789,0.17503141588692953
0.8943758573388203,0.38129694451689383
0.8950617283950617,0.18432316526122156
0.8957475994513031,0.12465387925477028
0.8964334705075445,0.15533647995490024
0.8971193415637859,0.16378844562349046
0.8978052126200273,0.14322874702696542
0.8984910836762687,0.11431733762774679
0.8991769547325101,0.11830285026859719
0.8998628257887515,0.19326328121946512
0.9005486968449932,0.1454112118987585
0.9012345679012346,0.11171820088136152
0.901920438957476,0.1574537618452137
0.9026063100137174,0.16376083715722756
0.9032921810699588,0.10778786161337021
0.9039780521262002,0.12948867458610258
0.9046639231824416,0.08773153223784011
0.905349794238683,0.09067352844654933
0.9060356652949244,0.08049100116868424
0.9067215363511658,0.10104863514942262
0.9074074074074074,0.10211242264549422
0.9080932784636488,0.14623302665705934
0.9087791495198903,0.05858385949909986
0.9094650205761317,0.12536161023018572
0.9101508916323731,0.059799207275370525
0.9108367626886145,0.17813248666910203
0.9115226337448559,0.10218636567222185
0.9122085048010973,0.13562669568999144
0.9128943758573387,0.19175924004333547
0.9135802469135801,0.19560684669669065
0.9142661179698215,0.16984982422651113
0.9149519890260631,0.11738232419336608
0.9156378600823045,0.12452281792894127
0.9163237311385459,0.21093777413861098
0.9170096021947873,0.1849637090558629
0.9176954732510287,0.19596625317377686
0.9183813443072701,0.05561311883853659
0.9190672153635115,0.16302592655984324
0.919753086419753,0.15228705390271632
0.9204389574759944,0.19470226979154678
0.9211248285322358,0.15280151520319507
0.9218106995884774,0.08472096721861272
0.9224965706447188,0.08634173821381937
0.9231824417009602,0.20347052756286882
0.9238683127572016,0.15760042425500048
0.924554183813443,0.14456815927406427
0.9252400548696844,0.140162963977007
0.9259259259259258,0.18218913726374053
0.9266117969821672,0.1844883413376904
0.9272976680384086,0.16884507404299434
0.92798353909465,0.17007405263401051
0.9286694101508917,0.14314954974362032
0.9293552812071331,0.27130426777124783
0.9300411522633745,0.21520804440574443
0.9307270233196159,0.15500995846643906
0.9314128943758573,0.21841434498631151
0.9320987654320987,0.14608804012446047
0.9327846364883401,0.14842575452857426
0.9334705075445815,0.21238533949077942
0.9341563786008229,0.29907016135242526
0.9348422496570643,0.21059259866358243
0.9355281207133057,0.13513563405638157
0.9362139917695473,0.14671210435809096
0.9368998628257887,0.16184888990660337
0.9375857338820301,0.29109936182900714
0.9382716049382716,0.20922057297764135
0.938957475994513,0.2845342068709037
0.9396433470507544,0.17193663334247003
0.9403292181069958,0.3291348580479046
0.9410150891632372,0.3840795353810532
0.9417009602194786,0.2765556639874278
0.94238683127572,0.23899123736611758
0.9430727023319616,0.2131437286417092
0.943758573388203,0.1870961875971333
0.9444444444444444,0.1601172350168509
0.9451303155006858,0.21829883799626418
0.9458161865569272,0.25676596228045767
0.9465020576131686,0.2262359801153815
0.94718792866941,0.28406040459514836
0.9478737997256514,0.1507506579386263
0.9485596707818928,0.19361826951475525
0.9492455418381343,0.1350075138823872
0.9499314128943759,0.23064945353698993
0.9506172839506173,0.28507669748557496
0.9513031550068587,0.23376728498507415
0.9519890260631001,0.22807869643594814
0.9526748971193415,0.34350589808161847
0.9533607681755829,0.2691162510546605
0.9540466392318243,0.2891406407518978
0.9547325102880657,0.2866686332368641
0.9554183813443071,0.13157548659991747
0.9561042524005485,0.24230362647887213
0.9567901234567902,0.22737954032599783
0.9574759945130316,0.19851981504458635
0.958161865569273,0.2256585532745875
0.9588477366255144,0.14240261951194574
0.9595336076817558,0.16546471478013586
0.9602194787379972,0.18291933227331636
0.9609053497942386,0.206715549137251
0.96159122085048,0.11612788106100055
0.9622770919067214,0.25051561006078527
0.9629629629629628,0.1461385771591553
0.9636488340192042,0.1305713285386061
0.9643347050754458,0.13893569265860556
0.9650205761316872,0.15293582790658095
0.9657064471879286,0.16036161216111713
0.96639231824417,0.14241060566398173
0.9670781893004115,0.0792727222535495
0.9677640603566529,0.11952183885515497
0.9684499314128943,0.11822006543378089
0.9691358024691357,0.1551777085114896
0.9698216735253771,0.13688999902302823
0.9705075445816185,0.17925518796635234
0.9711934156378601,0.1716762381920623
0.9718792866941015,0.18869611819916177
0.9725651577503429,0.14769688856334
0.9732510288065843,0.1041114701704354
0.9739368998628257,0.1666452066280163
0.9746227709190671,0.25293306094245155
0.9753086419753085,0.2472523143723049
0.9759945130315499,0.2548965061237329
0.9766803840877913,0.23567623543638874
0.9773662551440327,0.32172115208106905
0.9780521262002744,0.15499317104819074
0.9787379972565158,0.14668355288500454
0.9794238683127572,0.09307073459730356
0.9801097393689986,0.07491225445189303
0.98079561042524,0.15923811981416822
0.9814814814814814,0.12971669903247549
0.9821673525377228,0.1592904776479462
0.9828532235939642,0.14311479511132835
0.9835390946502056,0.41035562725799224
0.984224965706447,0.35067391420542926
0.9849108367626884,0.24860164489280306
0.98559670781893,0.15387613247845972
0.9862825788751715,0.2159269559567569
0.9869684499314129,0.19534105570145244
0.9876543209876543,0.23250658621712367
0.9883401920438957,0.22018540478581292
0.9890260631001371,0.370410833472004
0.9897119341563785,0.4402995973576771
0.9903978052126199,0.20093030567615944
0.9910836762688613,0.20617843485574278
0.9917695473251027,0.10996346145093448
0.9924554183813443,0.14310967431786292
0.9931412894375857,0.15153341226372113
0.9938271604938271,0.07821881297471685
0.9945130315500685,0.08302052774497598
0.9951989026063099,0.1744376277676215
0.9958847736625513,0.11768182616680253
0.9965706447187928,0.07995170965952374
0.9972565157750342,0.08783389509069384
0.9979423868312756,0.11320729107954738
0.998628257887517,0.2228399218053629
0.9993141289437586,0.14086060070447948
0.9999999999999998,0.26414296735411746
